Source,Access method,Data type,Description,Key data points,NARAD use
Open Government Data Platform India (data.gov.in),Official portal / API (API key for registered users),"Open datasets, CSV/XLS/XML/KML/RSS/Atom",Cross-sector government baseline and operational datasets published by ministries/states; licensed under Government Open Data License - India.,"dataset title, sector, department, granularity, frequency, geo coverage, indicators, timestamps, API URL, metadata, license","National baseline context, choropleths, district/state indicators"
Bhuvan / NRSC Geospatial Services,OGC WMS/WMTS / GeoServer endpoints,Geospatial layers / imagery-ready services,National remote sensing and thematic geospatial layers usable in GIS/web maps.,"layer name, workspace, bbox, CRS, geometry, raster/tile service URL, land use, flood hazard, water bodies, geomorphology, imagery references","GeoStrat 2D/3D map layers, overlays, spatial joins"
Press Information Bureau (PIB) RSS,RSS feeds,Official press releases and advisories,Union government press releases and ministry-level official announcements.,"headline, ministry, category, publish time, URL, summary/body, media assets","Government actions, official corroboration, ministry watch"
India Meteorological Department (IMD),Web pages / advisories / district warning products / CAP-linked warning dissemination,Weather warnings and forecasts,"District-wise and regional warning products, severe weather, fishermen advisories and forecast products.","district, state, warning color, hazard type, start/end time, forecast period, bulletin text, issue time","Weather/disaster alerts, district risk layers"
Central Water Commission (CWC) Flood Forecasting,Official portal / app / bulletins,"River levels, flood forecasts, reservoir status",Flood monitoring and forecasts across stations plus reservoir storage/level information.,"station name, river, state, water level, forecast level, severity, issue time, reservoir name, storage position","Flood risk, river basin alerts, reservoir dashboards"
MCA21,Official portal search / public documents workflow,Company registry and filings metadata,Corporate master data and public-document workflows for Indian companies/LLPs.,"CIN/LLPIN, company name, status, incorporation date, registered office, directors, filing type, filing date, document references","CorpWatch, ownership graph, filing timeline, entity resolution"
SEBI RSS,RSS feed,"Regulatory press releases, circulars, orders",Market regulator updates useful for compliance and enforcement tracking.,"title, category, publish time, URL, summary, circular/order identifier","LexPulse, compliance alerts, enforcement timeline"
BSE RSS,RSS feed,"Exchange notices, corporate announcements, Sensex updates",Real-time exchange updates and issuer announcements.,"symbol/company, announcement category, publish time, URL, notice text/summary",CorpWatch filings and market alerts
NSE RSS,RSS feed,"Corporate information, press releases, circulars, reports",Public newsfeed layer from NSE.,"feed type, company, circular/report title, publish time, URL",CorpWatch public update layer
NSE Corporate Data Subscription,SFTP / leased-line paid feed,Detailed corporate announcements and fundamentals,Paid data products for deeper issuer filings and end-of-day corporate announcement data.,"company fundamentals, corporate announcements, shareholding pattern, timestamps, technical product fields",Enterprise-grade CorpWatch backfill and alerting
Parliament Digital Library / Digital Sansad,Search portal / downloadable PDFs / metadata pages,"Debates, questions & answers, committee reports, budget speeches, bulletins",Official parliamentary document retrieval for legislative intelligence.,"house, session, date, member, ministry, question title, answer text, debate text, report title, PDF URL","LexPulse, policy tracking, ministry sentiment/context"
Gazette of India / eGazette,Official portal / PDF search,Statutory orders and notifications,Authorized legal publication of Government of India notifications.,"gazette part/section/subsection, ministry, notification number, publish date, PDF URL, title, legal text","Regulatory change tracking, legal source-of-record"
India Code / Legislative Department,Web portal / references,"Acts, ordinances, legislative references",Official legal text and legislative reference material.,"act title, year, section text, amendment status, ordinance text, reference download URL","Regulatory corpus, cited legal answers"
PARIVESH,Official workflow portal,Environment/forest/wildlife/CRZ clearances,Single-window workflow and status tracking for regulatory clearances.,"proposal ID, project name, sector, state/district, clearance type, status, submission date, stage, documents, GIS/proximity context","Environmental compliance, project intelligence, industrial risk"
DoLR ULPIN / DILRMP / NGDRS ecosystem,Departmental portals / state connectors,"Land parcel IDs, registration workflow, land records metadata",Federated land records stack with parcel identifiers and registration systems.,"ULPIN, parcel coordinates, registration office, deed metadata, plot identifiers, state/district/tehsil links","Land intelligence, parcel overlays, acquisition/land-risk analysis"
INCOIS Ocean Services,Official portal / forecast services,"Ocean state, high wave, coastal and port advisories","Coastal and maritime forecasts, high-wave alerts, ship-route forecasts, ports & harbours products.","wave height, swell, wind, current, tide, coastal segment, forecast horizon, alert level, ship-route/port product","Maritime risk, coastal alerts, port weather context"
NPCIL,Official site / plant pages,Nuclear site and unit status,Indian nuclear power plant operating and construction status.,"site name, unit, reactor type, status, capacity MW, construction stage, location, project notes",Nuclear infrastructure layer
IAEA reactor databases,Official database/search,Reactor facility reference data,International reactor reference for power/research reactor context.,"facility name, type, status, capacity, country, coordinates, reactor class",Nuclear enrichment and validation
AAI Organization / airport stats,Official site / reports,Airport inventory and traffic statistics,Operational airport inventory and traffic handled figures.,"airport name, class, operator, passenger count, aircraft movements, freight tonnage, city/state",Airport master layer and operations KPIs
AAI eAIP India,Aeronautical information publication,Aerodrome operational data,Aerodrome-level operational and infrastructure data.,"ICAO/IATA, coordinates, elevation, runway details, operating hours, services, fuel, cargo, ATS details","Airport detail drawer, operational context"
AAI Air Traffic Reports,Monthly reports,Airport traffic time series,"Traffic reports for aircraft movements, passengers, freight.","airport/month, passenger totals, movement totals, domestic/international split, freight",Airport trend charts
IPA / Indian Ports Association,Official site / downloadable reports,"Major and non-major port stats, daily vessel position",Port operations and traffic reporting.,"port name, vessel position, cargo handled, container traffic, commodity traffic, equipment, monthly traffic","Port layer, congestion and cargo dashboards"
PDMP / MoPSW port data portals,Government portal,Port and shipping analytics,"Port operations, shipping, and inland water transport analytics.","port metrics, cargo volumes, vessel counts, turnaround/throughput fields where available",Port analytics
CRIS / NTES / RailDrishti,Official portals / dashboards,"Train movement, punctuality, stations, freight and projects",Passenger and freight railway operational dashboards and information systems.,"train status, station, punctuality, freight loading/unloading, corridor/project metrics, grievances, station details",Rail operations and corridor intelligence
FOIS (Indian Railways freight),Official system context / dashboards where public,Freight operations,Freight information and wagon/rake movement context.,"loading, unloading, rake/wagon/loco status, terminal, commodity, route",Freight corridor analytics
ACLED API,API (account + token),"Conflict, demonstration, strategic development events","Structured event dataset for political violence and demonstrations, plus CAST alerts.","event_date, country/admin areas, event_type/sub_event_type, actors, fatalities, notes, source, coordinates","Conflict/protest seed events, model training, corroboration"
NASA FIRMS,API / WMS / MAP_KEY,Fire and thermal anomaly detections,Satellite-derived active fire and thermal hotspot signals.,"latitude, longitude, brightness, confidence, satellite/instrument, acquisition date/time, FRP",Wildfire/industrial fire hotspot layer
OpenSky Network API,REST API with OAuth2,"Aircraft state vectors, flights, tracks",Live aircraft telemetry and flight/track data with rate limits.,"icao24, callsign, origin_country, time_position, last_contact, longitude, latitude, baro_altitude, velocity, heading, vertical_rate, on_ground",Aviation situational awareness
GDELT,API/search/map outputs,Global multilingual news/event recall,Large-scale multilingual news coverage useful for external context and discovery.,"source URL, language, theme, location mentions, timestamp, article text/snippets","Contextual news recall, cross-border context"
PRS India Bills Track,Web portal,Legislative summaries and bill tracking,Curated bill summaries and legislative progress overviews.,"bill title, ministry, status, summary, dates, linked documents",Readable legislative digest layer
Bhashini / Digital India Bhashini,Platform / APIs,"Translation, ASR, TTS, OCR",Indian language AI stack for multilingual ingestion and user display.,"source language, target language, transcript text, translated text, OCR text, synthesized speech metadata","Multilingual UX, document OCR/translation, voice interfaces"
